--
-- PostgreSQL database dump
--

-- Dumped from database version 16.2 (Ubuntu 16.2-1.pgdg20.04+1)
-- Dumped by pg_dump version 16.2 (Ubuntu 16.2-1.pgdg20.04+1)

SET statement_timeout = 0;
SET lock_timeout = 0;
SET idle_in_transaction_session_timeout = 0;
SET client_encoding = 'UTF8';
SET standard_conforming_strings = on;
SELECT pg_catalog.set_config('search_path', '', false);
SET check_function_bodies = false;
SET xmloption = content;
SET client_min_messages = warning;
SET row_security = off;

SET default_tablespace = '';

SET default_table_access_method = heap;

--
-- Name: Airdetail_address; Type: TABLE; Schema: public; Owner: postgres
--

CREATE TABLE public."Airdetail_address" (
    id bigint NOT NULL,
    name character varying(100) NOT NULL,
    country character varying(100) NOT NULL,
    region character varying(100) NOT NULL,
    address character varying(100) NOT NULL,
    city character varying(100) NOT NULL,
    buildinginfo character varying(100) NOT NULL
);


ALTER TABLE public."Airdetail_address" OWNER TO postgres;

--
-- Name: Airdetail_address_id_seq; Type: SEQUENCE; Schema: public; Owner: postgres
--

ALTER TABLE public."Airdetail_address" ALTER COLUMN id ADD GENERATED BY DEFAULT AS IDENTITY (
    SEQUENCE NAME public."Airdetail_address_id_seq"
    START WITH 1
    INCREMENT BY 1
    NO MINVALUE
    NO MAXVALUE
    CACHE 1
);


--
-- Name: Airdetail_airline; Type: TABLE; Schema: public; Owner: postgres
--

CREATE TABLE public."Airdetail_airline" (
    id bigint NOT NULL,
    "airlineCode" character varying(100) NOT NULL,
    name character varying(100) NOT NULL,
    logo character varying(100) NOT NULL
);


ALTER TABLE public."Airdetail_airline" OWNER TO postgres;

--
-- Name: Airdetail_airline_id_seq; Type: SEQUENCE; Schema: public; Owner: postgres
--

ALTER TABLE public."Airdetail_airline" ALTER COLUMN id ADD GENERATED BY DEFAULT AS IDENTITY (
    SEQUENCE NAME public."Airdetail_airline_id_seq"
    START WITH 1
    INCREMENT BY 1
    NO MINVALUE
    NO MAXVALUE
    CACHE 1
);


--
-- Name: Airdetail_airport; Type: TABLE; Schema: public; Owner: postgres
--

CREATE TABLE public."Airdetail_airport" (
    id bigint NOT NULL,
    name character varying(100) NOT NULL,
    "icaoCode" character varying(50) NOT NULL,
    "iataCode" character varying(100) NOT NULL,
    latitude double precision NOT NULL,
    longitude double precision NOT NULL,
    "isInsideCity" boolean NOT NULL,
    location jsonb
);


ALTER TABLE public."Airdetail_airport" OWNER TO postgres;

--
-- Name: Airdetail_airport_id_seq; Type: SEQUENCE; Schema: public; Owner: postgres
--

ALTER TABLE public."Airdetail_airport" ALTER COLUMN id ADD GENERATED BY DEFAULT AS IDENTITY (
    SEQUENCE NAME public."Airdetail_airport_id_seq"
    START WITH 1
    INCREMENT BY 1
    NO MINVALUE
    NO MAXVALUE
    CACHE 1
);


--
-- Name: Airdetail_document; Type: TABLE; Schema: public; Owner: postgres
--

CREATE TABLE public."Airdetail_document" (
    id bigint NOT NULL,
    document_type character varying(100) NOT NULL,
    file character varying(100) NOT NULL,
    "personId_id" bigint NOT NULL
);


ALTER TABLE public."Airdetail_document" OWNER TO postgres;

--
-- Name: Airdetail_document_id_seq; Type: SEQUENCE; Schema: public; Owner: postgres
--

ALTER TABLE public."Airdetail_document" ALTER COLUMN id ADD GENERATED BY DEFAULT AS IDENTITY (
    SEQUENCE NAME public."Airdetail_document_id_seq"
    START WITH 1
    INCREMENT BY 1
    NO MINVALUE
    NO MAXVALUE
    CACHE 1
);


--
-- Name: Airdetail_person; Type: TABLE; Schema: public; Owner: postgres
--

CREATE TABLE public."Airdetail_person" (
    id bigint NOT NULL,
    "userName" character varying(100) NOT NULL,
    "firstName" character varying(100) NOT NULL,
    "lastName" character varying(100) NOT NULL,
    income numeric(100,3) NOT NULL,
    "dateOfBirth" date NOT NULL,
    photo character varying(100) NOT NULL,
    "middleName" character varying(100) NOT NULL,
    gender character varying(1) NOT NULL,
    age smallint NOT NULL,
    "favoriteFeature" text NOT NULL,
    features character varying(200) NOT NULL,
    emails character varying(254)[] NOT NULL,
    "addressInfo_id" bigint NOT NULL,
    "homeAddress_id" bigint NOT NULL
);


ALTER TABLE public."Airdetail_person" OWNER TO postgres;

--
-- Name: Airdetail_person_id_seq; Type: SEQUENCE; Schema: public; Owner: postgres
--

ALTER TABLE public."Airdetail_person" ALTER COLUMN id ADD GENERATED BY DEFAULT AS IDENTITY (
    SEQUENCE NAME public."Airdetail_person_id_seq"
    START WITH 1
    INCREMENT BY 1
    NO MINVALUE
    NO MAXVALUE
    CACHE 1
);


--
-- Name: Airdetail_trip; Type: TABLE; Schema: public; Owner: postgres
--

CREATE TABLE public."Airdetail_trip" (
    id bigint NOT NULL,
    "tripId" smallint NOT NULL,
    "shareId" text NOT NULL,
    name character varying(100) NOT NULL,
    budget bigint NOT NULL,
    description text NOT NULL,
    "startsAt" date NOT NULL,
    "endsAt" date NOT NULL,
    cost double precision NOT NULL,
    "personId_id" bigint NOT NULL,
    "endTime" time without time zone,
    "startTime" time without time zone
);


ALTER TABLE public."Airdetail_trip" OWNER TO postgres;

--
-- Name: Airdetail_trip_id_seq; Type: SEQUENCE; Schema: public; Owner: postgres
--

ALTER TABLE public."Airdetail_trip" ALTER COLUMN id ADD GENERATED BY DEFAULT AS IDENTITY (
    SEQUENCE NAME public."Airdetail_trip_id_seq"
    START WITH 1
    INCREMENT BY 1
    NO MINVALUE
    NO MAXVALUE
    CACHE 1
);


--
-- Name: auth_group; Type: TABLE; Schema: public; Owner: postgres
--

CREATE TABLE public.auth_group (
    id integer NOT NULL,
    name character varying(150) NOT NULL
);


ALTER TABLE public.auth_group OWNER TO postgres;

--
-- Name: auth_group_id_seq; Type: SEQUENCE; Schema: public; Owner: postgres
--

ALTER TABLE public.auth_group ALTER COLUMN id ADD GENERATED BY DEFAULT AS IDENTITY (
    SEQUENCE NAME public.auth_group_id_seq
    START WITH 1
    INCREMENT BY 1
    NO MINVALUE
    NO MAXVALUE
    CACHE 1
);


--
-- Name: auth_group_permissions; Type: TABLE; Schema: public; Owner: postgres
--

CREATE TABLE public.auth_group_permissions (
    id bigint NOT NULL,
    group_id integer NOT NULL,
    permission_id integer NOT NULL
);


ALTER TABLE public.auth_group_permissions OWNER TO postgres;

--
-- Name: auth_group_permissions_id_seq; Type: SEQUENCE; Schema: public; Owner: postgres
--

ALTER TABLE public.auth_group_permissions ALTER COLUMN id ADD GENERATED BY DEFAULT AS IDENTITY (
    SEQUENCE NAME public.auth_group_permissions_id_seq
    START WITH 1
    INCREMENT BY 1
    NO MINVALUE
    NO MAXVALUE
    CACHE 1
);


--
-- Name: auth_permission; Type: TABLE; Schema: public; Owner: postgres
--

CREATE TABLE public.auth_permission (
    id integer NOT NULL,
    name character varying(255) NOT NULL,
    content_type_id integer NOT NULL,
    codename character varying(100) NOT NULL
);


ALTER TABLE public.auth_permission OWNER TO postgres;

--
-- Name: auth_permission_id_seq; Type: SEQUENCE; Schema: public; Owner: postgres
--

ALTER TABLE public.auth_permission ALTER COLUMN id ADD GENERATED BY DEFAULT AS IDENTITY (
    SEQUENCE NAME public.auth_permission_id_seq
    START WITH 1
    INCREMENT BY 1
    NO MINVALUE
    NO MAXVALUE
    CACHE 1
);


--
-- Name: auth_user; Type: TABLE; Schema: public; Owner: postgres
--

CREATE TABLE public.auth_user (
    id integer NOT NULL,
    password character varying(128) NOT NULL,
    last_login timestamp with time zone,
    is_superuser boolean NOT NULL,
    username character varying(150) NOT NULL,
    first_name character varying(150) NOT NULL,
    last_name character varying(150) NOT NULL,
    email character varying(254) NOT NULL,
    is_staff boolean NOT NULL,
    is_active boolean NOT NULL,
    date_joined timestamp with time zone NOT NULL
);


ALTER TABLE public.auth_user OWNER TO postgres;

--
-- Name: auth_user_groups; Type: TABLE; Schema: public; Owner: postgres
--

CREATE TABLE public.auth_user_groups (
    id bigint NOT NULL,
    user_id integer NOT NULL,
    group_id integer NOT NULL
);


ALTER TABLE public.auth_user_groups OWNER TO postgres;

--
-- Name: auth_user_groups_id_seq; Type: SEQUENCE; Schema: public; Owner: postgres
--

ALTER TABLE public.auth_user_groups ALTER COLUMN id ADD GENERATED BY DEFAULT AS IDENTITY (
    SEQUENCE NAME public.auth_user_groups_id_seq
    START WITH 1
    INCREMENT BY 1
    NO MINVALUE
    NO MAXVALUE
    CACHE 1
);


--
-- Name: auth_user_id_seq; Type: SEQUENCE; Schema: public; Owner: postgres
--

ALTER TABLE public.auth_user ALTER COLUMN id ADD GENERATED BY DEFAULT AS IDENTITY (
    SEQUENCE NAME public.auth_user_id_seq
    START WITH 1
    INCREMENT BY 1
    NO MINVALUE
    NO MAXVALUE
    CACHE 1
);


--
-- Name: auth_user_user_permissions; Type: TABLE; Schema: public; Owner: postgres
--

CREATE TABLE public.auth_user_user_permissions (
    id bigint NOT NULL,
    user_id integer NOT NULL,
    permission_id integer NOT NULL
);


ALTER TABLE public.auth_user_user_permissions OWNER TO postgres;

--
-- Name: auth_user_user_permissions_id_seq; Type: SEQUENCE; Schema: public; Owner: postgres
--

ALTER TABLE public.auth_user_user_permissions ALTER COLUMN id ADD GENERATED BY DEFAULT AS IDENTITY (
    SEQUENCE NAME public.auth_user_user_permissions_id_seq
    START WITH 1
    INCREMENT BY 1
    NO MINVALUE
    NO MAXVALUE
    CACHE 1
);


--
-- Name: django_admin_log; Type: TABLE; Schema: public; Owner: postgres
--

CREATE TABLE public.django_admin_log (
    id integer NOT NULL,
    action_time timestamp with time zone NOT NULL,
    object_id text,
    object_repr character varying(200) NOT NULL,
    action_flag smallint NOT NULL,
    change_message text NOT NULL,
    content_type_id integer,
    user_id integer NOT NULL,
    CONSTRAINT django_admin_log_action_flag_check CHECK ((action_flag >= 0))
);


ALTER TABLE public.django_admin_log OWNER TO postgres;

--
-- Name: django_admin_log_id_seq; Type: SEQUENCE; Schema: public; Owner: postgres
--

ALTER TABLE public.django_admin_log ALTER COLUMN id ADD GENERATED BY DEFAULT AS IDENTITY (
    SEQUENCE NAME public.django_admin_log_id_seq
    START WITH 1
    INCREMENT BY 1
    NO MINVALUE
    NO MAXVALUE
    CACHE 1
);


--
-- Name: django_content_type; Type: TABLE; Schema: public; Owner: postgres
--

CREATE TABLE public.django_content_type (
    id integer NOT NULL,
    app_label character varying(100) NOT NULL,
    model character varying(100) NOT NULL
);


ALTER TABLE public.django_content_type OWNER TO postgres;

--
-- Name: django_content_type_id_seq; Type: SEQUENCE; Schema: public; Owner: postgres
--

ALTER TABLE public.django_content_type ALTER COLUMN id ADD GENERATED BY DEFAULT AS IDENTITY (
    SEQUENCE NAME public.django_content_type_id_seq
    START WITH 1
    INCREMENT BY 1
    NO MINVALUE
    NO MAXVALUE
    CACHE 1
);


--
-- Name: django_migrations; Type: TABLE; Schema: public; Owner: postgres
--

CREATE TABLE public.django_migrations (
    id bigint NOT NULL,
    app character varying(255) NOT NULL,
    name character varying(255) NOT NULL,
    applied timestamp with time zone NOT NULL
);


ALTER TABLE public.django_migrations OWNER TO postgres;

--
-- Name: django_migrations_id_seq; Type: SEQUENCE; Schema: public; Owner: postgres
--

ALTER TABLE public.django_migrations ALTER COLUMN id ADD GENERATED BY DEFAULT AS IDENTITY (
    SEQUENCE NAME public.django_migrations_id_seq
    START WITH 1
    INCREMENT BY 1
    NO MINVALUE
    NO MAXVALUE
    CACHE 1
);


--
-- Name: django_session; Type: TABLE; Schema: public; Owner: postgres
--

CREATE TABLE public.django_session (
    session_key character varying(40) NOT NULL,
    session_data text NOT NULL,
    expire_date timestamp with time zone NOT NULL
);


ALTER TABLE public.django_session OWNER TO postgres;

--
-- Data for Name: Airdetail_address; Type: TABLE DATA; Schema: public; Owner: postgres
--

COPY public."Airdetail_address" (id, name, country, region, address, city, buildinginfo) FROM stdin;
1	Vinay	India	Karnataka	#111 5th cross skdfj	Mysuru	111
2	Vignesh	India	Karnataka	#1 7th cross skdfj	Mysuru	1
3	Sun	India	Karnataka	#123 th cross skdfj	Mysuru	111
4	Sun	India	Karnataka	#111 5th cross skdfj	Mysuru	111
5	Sun	India	Karnataka	#123 th cross skdfj	Mysuru	111
6	Sun	India	Karnataka	#111 5th cross skdfj	Mysuru	111
7	Lakshmi	India	Karnataka	#143 th cross skdfj	Mysuru	187
8	Qas	India	Karnataka	#111 5th cross skdfj	Mysuru	111
9	Lakshmi	India	Karnataka	#143 th cross skdfj	Mysuru	187
10	Qas	India	Karnataka	#111 5th cross skdfj	Mysuru	111
11	flfkg	India	Karnataka	#38 cross pfmng	Mysuru	1234
12	pdld	India	Karnataka	#987 4th cross skdfjdf	Mysuru	987
13	fdlfkg	India	Karnataka	#77 cross pfmng	Mysuru	1234
14	pdld	India	Karnataka	#177 4th cross skdfjdf	Mysuru	987
15	fdlfkg	India	Karnataka	#77 cross pfmng	Mysuru	1234
16	pdld	India	Karnataka	#177 4th cross skdfjdf	Mysuru	987
17	fdlfkg	India	Karnataka	#77 cross pfmng	Mysuru	1234
18	pdld	India	Karnataka	#177 4th cross skdfjdf	Mysuru	987
19	fdlfkg	India	Karnataka	#77 cross pfmng	Mandya	1234
20	Mandya	India	Karnataka	#77 cross pfmng	Mysuru	1234
21	pdld	India	Karnataka	#177 4th cross skdfjdf	Nagara	987
\.


--
-- Data for Name: Airdetail_airline; Type: TABLE DATA; Schema: public; Owner: postgres
--

COPY public."Airdetail_airline" (id, "airlineCode", name, logo) FROM stdin;
\.


--
-- Data for Name: Airdetail_airport; Type: TABLE DATA; Schema: public; Owner: postgres
--

COPY public."Airdetail_airport" (id, name, "icaoCode", "iataCode", latitude, longitude, "isInsideCity", location) FROM stdin;
\.


--
-- Data for Name: Airdetail_document; Type: TABLE DATA; Schema: public; Owner: postgres
--

COPY public."Airdetail_document" (id, document_type, file, "personId_id") FROM stdin;
1	.jpj	documents/destination_1.jpg	1
2	.jpj	documents/destination_6.jpg	1
\.


--
-- Data for Name: Airdetail_person; Type: TABLE DATA; Schema: public; Owner: postgres
--

COPY public."Airdetail_person" (id, "userName", "firstName", "lastName", income, "dateOfBirth", photo, "middleName", gender, age, "favoriteFeature", features, emails, "addressInfo_id", "homeAddress_id") FROM stdin;
1	Vinay	Kumar	S	50000.000	1998-01-01			M	30	Favorite Feature	feature1	{sdkmhdnd@gmail.com,pldmfm@gmail.com}	1	1
8	Sunil	Suni	KV	10000.000	1990-01-01		KV	M	30			{}	5	6
9	Ravi	Ravi	S	15000.000	1995-01-01		S	M	2			{}	7	8
10	Ravdldi	Radmfvi	S	15000.000	1993-01-01		S	M	2			{}	9	10
11	Kome	bangi	R	5000.000	2024-01-01		mnb	F	1			{}	11	12
12	madappa	haida	R	5000.000	2024-01-01		mnb	M	1			{}	13	14
13	madappa1	King	R	5000.000	2024-01-01		mnb	M	1			{}	20	21
\.


--
-- Data for Name: Airdetail_trip; Type: TABLE DATA; Schema: public; Owner: postgres
--

COPY public."Airdetail_trip" (id, "tripId", "shareId", name, budget, description, "startsAt", "endsAt", cost, "personId_id", "endTime", "startTime") FROM stdin;
1	123	A83	Mysuru	39848	Mysure	2024-07-28	2024-08-02	2934	1	12:20:00	10:12:00
2	123	A83	Goa	3765	Goa	2024-07-25	2024-08-07	2974	1	12:20:00	10:12:00
7	1234	vA83	AP	3984	Hyderbad	2024-06-12	2024-06-15	29344	1	12:20:00	10:12:00
\.


--
-- Data for Name: auth_group; Type: TABLE DATA; Schema: public; Owner: postgres
--

COPY public.auth_group (id, name) FROM stdin;
\.


--
-- Data for Name: auth_group_permissions; Type: TABLE DATA; Schema: public; Owner: postgres
--

COPY public.auth_group_permissions (id, group_id, permission_id) FROM stdin;
\.


--
-- Data for Name: auth_permission; Type: TABLE DATA; Schema: public; Owner: postgres
--

COPY public.auth_permission (id, name, content_type_id, codename) FROM stdin;
1	Can add log entry	1	add_logentry
2	Can change log entry	1	change_logentry
3	Can delete log entry	1	delete_logentry
4	Can view log entry	1	view_logentry
5	Can add permission	2	add_permission
6	Can change permission	2	change_permission
7	Can delete permission	2	delete_permission
8	Can view permission	2	view_permission
9	Can add group	3	add_group
10	Can change group	3	change_group
11	Can delete group	3	delete_group
12	Can view group	3	view_group
13	Can add user	4	add_user
14	Can change user	4	change_user
15	Can delete user	4	delete_user
16	Can view user	4	view_user
17	Can add content type	5	add_contenttype
18	Can change content type	5	change_contenttype
19	Can delete content type	5	delete_contenttype
20	Can view content type	5	view_contenttype
21	Can add session	6	add_session
22	Can change session	6	change_session
23	Can delete session	6	delete_session
24	Can view session	6	view_session
25	Can add airline	7	add_airline
26	Can change airline	7	change_airline
27	Can delete airline	7	delete_airline
28	Can view airline	7	view_airline
29	Can add airport	8	add_airport
30	Can change airport	8	change_airport
31	Can delete airport	8	delete_airport
32	Can view airport	8	view_airport
33	Can add person	9	add_person
34	Can change person	9	change_person
35	Can delete person	9	delete_person
36	Can view person	9	view_person
37	Can add trip	10	add_trip
38	Can change trip	10	change_trip
39	Can delete trip	10	delete_trip
40	Can view trip	10	view_trip
41	Can add document	11	add_document
42	Can change document	11	change_document
43	Can delete document	11	delete_document
44	Can view document	11	view_document
45	Can add address	12	add_address
46	Can change address	12	change_address
47	Can delete address	12	delete_address
48	Can view address	12	view_address
\.


--
-- Data for Name: auth_user; Type: TABLE DATA; Schema: public; Owner: postgres
--

COPY public.auth_user (id, password, last_login, is_superuser, username, first_name, last_name, email, is_staff, is_active, date_joined) FROM stdin;
\.


--
-- Data for Name: auth_user_groups; Type: TABLE DATA; Schema: public; Owner: postgres
--

COPY public.auth_user_groups (id, user_id, group_id) FROM stdin;
\.


--
-- Data for Name: auth_user_user_permissions; Type: TABLE DATA; Schema: public; Owner: postgres
--

COPY public.auth_user_user_permissions (id, user_id, permission_id) FROM stdin;
\.


--
-- Data for Name: django_admin_log; Type: TABLE DATA; Schema: public; Owner: postgres
--

COPY public.django_admin_log (id, action_time, object_id, object_repr, action_flag, change_message, content_type_id, user_id) FROM stdin;
\.


--
-- Data for Name: django_content_type; Type: TABLE DATA; Schema: public; Owner: postgres
--

COPY public.django_content_type (id, app_label, model) FROM stdin;
1	admin	logentry
2	auth	permission
3	auth	group
4	auth	user
5	contenttypes	contenttype
6	sessions	session
7	Airdetail	airline
8	Airdetail	airport
9	Airdetail	person
10	Airdetail	trip
11	Airdetail	document
12	Airdetail	address
\.


--
-- Data for Name: django_migrations; Type: TABLE DATA; Schema: public; Owner: postgres
--

COPY public.django_migrations (id, app, name, applied) FROM stdin;
2	contenttypes	0001_initial	2024-05-08 12:21:17.81227+05:30
3	auth	0001_initial	2024-05-08 12:21:18.506053+05:30
4	admin	0001_initial	2024-05-08 12:21:18.682957+05:30
5	admin	0002_logentry_remove_auto_add	2024-05-08 12:21:18.710202+05:30
6	admin	0003_logentry_add_action_flag_choices	2024-05-08 12:21:18.740767+05:30
7	contenttypes	0002_remove_content_type_name	2024-05-08 12:21:18.779888+05:30
8	auth	0002_alter_permission_name_max_length	2024-05-08 12:21:18.807656+05:30
9	auth	0003_alter_user_email_max_length	2024-05-08 12:21:18.828142+05:30
10	auth	0004_alter_user_username_opts	2024-05-08 12:21:18.850973+05:30
11	auth	0005_alter_user_last_login_null	2024-05-08 12:21:18.871724+05:30
12	auth	0006_require_contenttypes_0002	2024-05-08 12:21:18.881719+05:30
13	auth	0007_alter_validators_add_error_messages	2024-05-08 12:21:18.903762+05:30
14	auth	0008_alter_user_username_max_length	2024-05-08 12:21:18.959924+05:30
15	auth	0009_alter_user_last_name_max_length	2024-05-08 12:21:18.997029+05:30
16	auth	0010_alter_group_name_max_length	2024-05-08 12:21:19.018926+05:30
17	auth	0011_update_proxy_permissions	2024-05-08 12:21:19.044533+05:30
18	auth	0012_alter_user_first_name_max_length	2024-05-08 12:21:19.070794+05:30
19	sessions	0001_initial	2024-05-08 12:21:19.214665+05:30
21	Airdetail	0001_initial	2024-05-23 12:43:16.59385+05:30
22	Airdetail	0002_address_person_emails_trip_endtime_trip_starttime_and_more	2024-05-23 12:43:16.836895+05:30
\.


--
-- Data for Name: django_session; Type: TABLE DATA; Schema: public; Owner: postgres
--

COPY public.django_session (session_key, session_data, expire_date) FROM stdin;
\.


--
-- Name: Airdetail_address_id_seq; Type: SEQUENCE SET; Schema: public; Owner: postgres
--

SELECT pg_catalog.setval('public."Airdetail_address_id_seq"', 21, true);


--
-- Name: Airdetail_airline_id_seq; Type: SEQUENCE SET; Schema: public; Owner: postgres
--

SELECT pg_catalog.setval('public."Airdetail_airline_id_seq"', 1, false);


--
-- Name: Airdetail_airport_id_seq; Type: SEQUENCE SET; Schema: public; Owner: postgres
--

SELECT pg_catalog.setval('public."Airdetail_airport_id_seq"', 1, false);


--
-- Name: Airdetail_document_id_seq; Type: SEQUENCE SET; Schema: public; Owner: postgres
--

SELECT pg_catalog.setval('public."Airdetail_document_id_seq"', 4, true);


--
-- Name: Airdetail_person_id_seq; Type: SEQUENCE SET; Schema: public; Owner: postgres
--

SELECT pg_catalog.setval('public."Airdetail_person_id_seq"', 14, true);


--
-- Name: Airdetail_trip_id_seq; Type: SEQUENCE SET; Schema: public; Owner: postgres
--

SELECT pg_catalog.setval('public."Airdetail_trip_id_seq"', 7, true);


--
-- Name: auth_group_id_seq; Type: SEQUENCE SET; Schema: public; Owner: postgres
--

SELECT pg_catalog.setval('public.auth_group_id_seq', 1, false);


--
-- Name: auth_group_permissions_id_seq; Type: SEQUENCE SET; Schema: public; Owner: postgres
--

SELECT pg_catalog.setval('public.auth_group_permissions_id_seq', 1, false);


--
-- Name: auth_permission_id_seq; Type: SEQUENCE SET; Schema: public; Owner: postgres
--

SELECT pg_catalog.setval('public.auth_permission_id_seq', 48, true);


--
-- Name: auth_user_groups_id_seq; Type: SEQUENCE SET; Schema: public; Owner: postgres
--

SELECT pg_catalog.setval('public.auth_user_groups_id_seq', 1, false);


--
-- Name: auth_user_id_seq; Type: SEQUENCE SET; Schema: public; Owner: postgres
--

SELECT pg_catalog.setval('public.auth_user_id_seq', 1, false);


--
-- Name: auth_user_user_permissions_id_seq; Type: SEQUENCE SET; Schema: public; Owner: postgres
--

SELECT pg_catalog.setval('public.auth_user_user_permissions_id_seq', 1, false);


--
-- Name: django_admin_log_id_seq; Type: SEQUENCE SET; Schema: public; Owner: postgres
--

SELECT pg_catalog.setval('public.django_admin_log_id_seq', 1, false);


--
-- Name: django_content_type_id_seq; Type: SEQUENCE SET; Schema: public; Owner: postgres
--

SELECT pg_catalog.setval('public.django_content_type_id_seq', 12, true);


--
-- Name: django_migrations_id_seq; Type: SEQUENCE SET; Schema: public; Owner: postgres
--

SELECT pg_catalog.setval('public.django_migrations_id_seq', 22, true);


--
-- Name: Airdetail_address Airdetail_address_pkey; Type: CONSTRAINT; Schema: public; Owner: postgres
--

ALTER TABLE ONLY public."Airdetail_address"
    ADD CONSTRAINT "Airdetail_address_pkey" PRIMARY KEY (id);


--
-- Name: Airdetail_airline Airdetail_airline_pkey; Type: CONSTRAINT; Schema: public; Owner: postgres
--

ALTER TABLE ONLY public."Airdetail_airline"
    ADD CONSTRAINT "Airdetail_airline_pkey" PRIMARY KEY (id);


--
-- Name: Airdetail_airport Airdetail_airport_pkey; Type: CONSTRAINT; Schema: public; Owner: postgres
--

ALTER TABLE ONLY public."Airdetail_airport"
    ADD CONSTRAINT "Airdetail_airport_pkey" PRIMARY KEY (id);


--
-- Name: Airdetail_document Airdetail_document_pkey; Type: CONSTRAINT; Schema: public; Owner: postgres
--

ALTER TABLE ONLY public."Airdetail_document"
    ADD CONSTRAINT "Airdetail_document_pkey" PRIMARY KEY (id);


--
-- Name: Airdetail_person Airdetail_person_pkey; Type: CONSTRAINT; Schema: public; Owner: postgres
--

ALTER TABLE ONLY public."Airdetail_person"
    ADD CONSTRAINT "Airdetail_person_pkey" PRIMARY KEY (id);


--
-- Name: Airdetail_trip Airdetail_trip_pkey; Type: CONSTRAINT; Schema: public; Owner: postgres
--

ALTER TABLE ONLY public."Airdetail_trip"
    ADD CONSTRAINT "Airdetail_trip_pkey" PRIMARY KEY (id);


--
-- Name: auth_group auth_group_name_key; Type: CONSTRAINT; Schema: public; Owner: postgres
--

ALTER TABLE ONLY public.auth_group
    ADD CONSTRAINT auth_group_name_key UNIQUE (name);


--
-- Name: auth_group_permissions auth_group_permissions_group_id_permission_id_0cd325b0_uniq; Type: CONSTRAINT; Schema: public; Owner: postgres
--

ALTER TABLE ONLY public.auth_group_permissions
    ADD CONSTRAINT auth_group_permissions_group_id_permission_id_0cd325b0_uniq UNIQUE (group_id, permission_id);


--
-- Name: auth_group_permissions auth_group_permissions_pkey; Type: CONSTRAINT; Schema: public; Owner: postgres
--

ALTER TABLE ONLY public.auth_group_permissions
    ADD CONSTRAINT auth_group_permissions_pkey PRIMARY KEY (id);


--
-- Name: auth_group auth_group_pkey; Type: CONSTRAINT; Schema: public; Owner: postgres
--

ALTER TABLE ONLY public.auth_group
    ADD CONSTRAINT auth_group_pkey PRIMARY KEY (id);


--
-- Name: auth_permission auth_permission_content_type_id_codename_01ab375a_uniq; Type: CONSTRAINT; Schema: public; Owner: postgres
--

ALTER TABLE ONLY public.auth_permission
    ADD CONSTRAINT auth_permission_content_type_id_codename_01ab375a_uniq UNIQUE (content_type_id, codename);


--
-- Name: auth_permission auth_permission_pkey; Type: CONSTRAINT; Schema: public; Owner: postgres
--

ALTER TABLE ONLY public.auth_permission
    ADD CONSTRAINT auth_permission_pkey PRIMARY KEY (id);


--
-- Name: auth_user_groups auth_user_groups_pkey; Type: CONSTRAINT; Schema: public; Owner: postgres
--

ALTER TABLE ONLY public.auth_user_groups
    ADD CONSTRAINT auth_user_groups_pkey PRIMARY KEY (id);


--
-- Name: auth_user_groups auth_user_groups_user_id_group_id_94350c0c_uniq; Type: CONSTRAINT; Schema: public; Owner: postgres
--

ALTER TABLE ONLY public.auth_user_groups
    ADD CONSTRAINT auth_user_groups_user_id_group_id_94350c0c_uniq UNIQUE (user_id, group_id);


--
-- Name: auth_user auth_user_pkey; Type: CONSTRAINT; Schema: public; Owner: postgres
--

ALTER TABLE ONLY public.auth_user
    ADD CONSTRAINT auth_user_pkey PRIMARY KEY (id);


--
-- Name: auth_user_user_permissions auth_user_user_permissions_pkey; Type: CONSTRAINT; Schema: public; Owner: postgres
--

ALTER TABLE ONLY public.auth_user_user_permissions
    ADD CONSTRAINT auth_user_user_permissions_pkey PRIMARY KEY (id);


--
-- Name: auth_user_user_permissions auth_user_user_permissions_user_id_permission_id_14a6b632_uniq; Type: CONSTRAINT; Schema: public; Owner: postgres
--

ALTER TABLE ONLY public.auth_user_user_permissions
    ADD CONSTRAINT auth_user_user_permissions_user_id_permission_id_14a6b632_uniq UNIQUE (user_id, permission_id);


--
-- Name: auth_user auth_user_username_key; Type: CONSTRAINT; Schema: public; Owner: postgres
--

ALTER TABLE ONLY public.auth_user
    ADD CONSTRAINT auth_user_username_key UNIQUE (username);


--
-- Name: django_admin_log django_admin_log_pkey; Type: CONSTRAINT; Schema: public; Owner: postgres
--

ALTER TABLE ONLY public.django_admin_log
    ADD CONSTRAINT django_admin_log_pkey PRIMARY KEY (id);


--
-- Name: django_content_type django_content_type_app_label_model_76bd3d3b_uniq; Type: CONSTRAINT; Schema: public; Owner: postgres
--

ALTER TABLE ONLY public.django_content_type
    ADD CONSTRAINT django_content_type_app_label_model_76bd3d3b_uniq UNIQUE (app_label, model);


--
-- Name: django_content_type django_content_type_pkey; Type: CONSTRAINT; Schema: public; Owner: postgres
--

ALTER TABLE ONLY public.django_content_type
    ADD CONSTRAINT django_content_type_pkey PRIMARY KEY (id);


--
-- Name: django_migrations django_migrations_pkey; Type: CONSTRAINT; Schema: public; Owner: postgres
--

ALTER TABLE ONLY public.django_migrations
    ADD CONSTRAINT django_migrations_pkey PRIMARY KEY (id);


--
-- Name: django_session django_session_pkey; Type: CONSTRAINT; Schema: public; Owner: postgres
--

ALTER TABLE ONLY public.django_session
    ADD CONSTRAINT django_session_pkey PRIMARY KEY (session_key);


--
-- Name: Airdetail_document_personId_id_651fee4f; Type: INDEX; Schema: public; Owner: postgres
--

CREATE INDEX "Airdetail_document_personId_id_651fee4f" ON public."Airdetail_document" USING btree ("personId_id");


--
-- Name: Airdetail_person_addressInfo_id_dd91ee68; Type: INDEX; Schema: public; Owner: postgres
--

CREATE INDEX "Airdetail_person_addressInfo_id_dd91ee68" ON public."Airdetail_person" USING btree ("addressInfo_id");


--
-- Name: Airdetail_person_homeAddress_id_e02a57ee; Type: INDEX; Schema: public; Owner: postgres
--

CREATE INDEX "Airdetail_person_homeAddress_id_e02a57ee" ON public."Airdetail_person" USING btree ("homeAddress_id");


--
-- Name: Airdetail_trip_personId_id_8c227186; Type: INDEX; Schema: public; Owner: postgres
--

CREATE INDEX "Airdetail_trip_personId_id_8c227186" ON public."Airdetail_trip" USING btree ("personId_id");


--
-- Name: auth_group_name_a6ea08ec_like; Type: INDEX; Schema: public; Owner: postgres
--

CREATE INDEX auth_group_name_a6ea08ec_like ON public.auth_group USING btree (name varchar_pattern_ops);


--
-- Name: auth_group_permissions_group_id_b120cbf9; Type: INDEX; Schema: public; Owner: postgres
--

CREATE INDEX auth_group_permissions_group_id_b120cbf9 ON public.auth_group_permissions USING btree (group_id);


--
-- Name: auth_group_permissions_permission_id_84c5c92e; Type: INDEX; Schema: public; Owner: postgres
--

CREATE INDEX auth_group_permissions_permission_id_84c5c92e ON public.auth_group_permissions USING btree (permission_id);


--
-- Name: auth_permission_content_type_id_2f476e4b; Type: INDEX; Schema: public; Owner: postgres
--

CREATE INDEX auth_permission_content_type_id_2f476e4b ON public.auth_permission USING btree (content_type_id);


--
-- Name: auth_user_groups_group_id_97559544; Type: INDEX; Schema: public; Owner: postgres
--

CREATE INDEX auth_user_groups_group_id_97559544 ON public.auth_user_groups USING btree (group_id);


--
-- Name: auth_user_groups_user_id_6a12ed8b; Type: INDEX; Schema: public; Owner: postgres
--

CREATE INDEX auth_user_groups_user_id_6a12ed8b ON public.auth_user_groups USING btree (user_id);


--
-- Name: auth_user_user_permissions_permission_id_1fbb5f2c; Type: INDEX; Schema: public; Owner: postgres
--

CREATE INDEX auth_user_user_permissions_permission_id_1fbb5f2c ON public.auth_user_user_permissions USING btree (permission_id);


--
-- Name: auth_user_user_permissions_user_id_a95ead1b; Type: INDEX; Schema: public; Owner: postgres
--

CREATE INDEX auth_user_user_permissions_user_id_a95ead1b ON public.auth_user_user_permissions USING btree (user_id);


--
-- Name: auth_user_username_6821ab7c_like; Type: INDEX; Schema: public; Owner: postgres
--

CREATE INDEX auth_user_username_6821ab7c_like ON public.auth_user USING btree (username varchar_pattern_ops);


--
-- Name: django_admin_log_content_type_id_c4bce8eb; Type: INDEX; Schema: public; Owner: postgres
--

CREATE INDEX django_admin_log_content_type_id_c4bce8eb ON public.django_admin_log USING btree (content_type_id);


--
-- Name: django_admin_log_user_id_c564eba6; Type: INDEX; Schema: public; Owner: postgres
--

CREATE INDEX django_admin_log_user_id_c564eba6 ON public.django_admin_log USING btree (user_id);


--
-- Name: django_session_expire_date_a5c62663; Type: INDEX; Schema: public; Owner: postgres
--

CREATE INDEX django_session_expire_date_a5c62663 ON public.django_session USING btree (expire_date);


--
-- Name: django_session_session_key_c0390e0f_like; Type: INDEX; Schema: public; Owner: postgres
--

CREATE INDEX django_session_session_key_c0390e0f_like ON public.django_session USING btree (session_key varchar_pattern_ops);


--
-- Name: Airdetail_document Airdetail_document_personId_id_651fee4f_fk_Airdetail_person_id; Type: FK CONSTRAINT; Schema: public; Owner: postgres
--

ALTER TABLE ONLY public."Airdetail_document"
    ADD CONSTRAINT "Airdetail_document_personId_id_651fee4f_fk_Airdetail_person_id" FOREIGN KEY ("personId_id") REFERENCES public."Airdetail_person"(id) DEFERRABLE INITIALLY DEFERRED;


--
-- Name: Airdetail_person Airdetail_person_addressInfo_id_dd91ee68_fk_Airdetail; Type: FK CONSTRAINT; Schema: public; Owner: postgres
--

ALTER TABLE ONLY public."Airdetail_person"
    ADD CONSTRAINT "Airdetail_person_addressInfo_id_dd91ee68_fk_Airdetail" FOREIGN KEY ("addressInfo_id") REFERENCES public."Airdetail_address"(id) DEFERRABLE INITIALLY DEFERRED;


--
-- Name: Airdetail_person Airdetail_person_homeAddress_id_e02a57ee_fk_Airdetail; Type: FK CONSTRAINT; Schema: public; Owner: postgres
--

ALTER TABLE ONLY public."Airdetail_person"
    ADD CONSTRAINT "Airdetail_person_homeAddress_id_e02a57ee_fk_Airdetail" FOREIGN KEY ("homeAddress_id") REFERENCES public."Airdetail_address"(id) DEFERRABLE INITIALLY DEFERRED;


--
-- Name: Airdetail_trip Airdetail_trip_personId_id_8c227186_fk_Airdetail_person_id; Type: FK CONSTRAINT; Schema: public; Owner: postgres
--

ALTER TABLE ONLY public."Airdetail_trip"
    ADD CONSTRAINT "Airdetail_trip_personId_id_8c227186_fk_Airdetail_person_id" FOREIGN KEY ("personId_id") REFERENCES public."Airdetail_person"(id) DEFERRABLE INITIALLY DEFERRED;


--
-- Name: auth_group_permissions auth_group_permissio_permission_id_84c5c92e_fk_auth_perm; Type: FK CONSTRAINT; Schema: public; Owner: postgres
--

ALTER TABLE ONLY public.auth_group_permissions
    ADD CONSTRAINT auth_group_permissio_permission_id_84c5c92e_fk_auth_perm FOREIGN KEY (permission_id) REFERENCES public.auth_permission(id) DEFERRABLE INITIALLY DEFERRED;


--
-- Name: auth_group_permissions auth_group_permissions_group_id_b120cbf9_fk_auth_group_id; Type: FK CONSTRAINT; Schema: public; Owner: postgres
--

ALTER TABLE ONLY public.auth_group_permissions
    ADD CONSTRAINT auth_group_permissions_group_id_b120cbf9_fk_auth_group_id FOREIGN KEY (group_id) REFERENCES public.auth_group(id) DEFERRABLE INITIALLY DEFERRED;


--
-- Name: auth_permission auth_permission_content_type_id_2f476e4b_fk_django_co; Type: FK CONSTRAINT; Schema: public; Owner: postgres
--

ALTER TABLE ONLY public.auth_permission
    ADD CONSTRAINT auth_permission_content_type_id_2f476e4b_fk_django_co FOREIGN KEY (content_type_id) REFERENCES public.django_content_type(id) DEFERRABLE INITIALLY DEFERRED;


--
-- Name: auth_user_groups auth_user_groups_group_id_97559544_fk_auth_group_id; Type: FK CONSTRAINT; Schema: public; Owner: postgres
--

ALTER TABLE ONLY public.auth_user_groups
    ADD CONSTRAINT auth_user_groups_group_id_97559544_fk_auth_group_id FOREIGN KEY (group_id) REFERENCES public.auth_group(id) DEFERRABLE INITIALLY DEFERRED;


--
-- Name: auth_user_groups auth_user_groups_user_id_6a12ed8b_fk_auth_user_id; Type: FK CONSTRAINT; Schema: public; Owner: postgres
--

ALTER TABLE ONLY public.auth_user_groups
    ADD CONSTRAINT auth_user_groups_user_id_6a12ed8b_fk_auth_user_id FOREIGN KEY (user_id) REFERENCES public.auth_user(id) DEFERRABLE INITIALLY DEFERRED;


--
-- Name: auth_user_user_permissions auth_user_user_permi_permission_id_1fbb5f2c_fk_auth_perm; Type: FK CONSTRAINT; Schema: public; Owner: postgres
--

ALTER TABLE ONLY public.auth_user_user_permissions
    ADD CONSTRAINT auth_user_user_permi_permission_id_1fbb5f2c_fk_auth_perm FOREIGN KEY (permission_id) REFERENCES public.auth_permission(id) DEFERRABLE INITIALLY DEFERRED;


--
-- Name: auth_user_user_permissions auth_user_user_permissions_user_id_a95ead1b_fk_auth_user_id; Type: FK CONSTRAINT; Schema: public; Owner: postgres
--

ALTER TABLE ONLY public.auth_user_user_permissions
    ADD CONSTRAINT auth_user_user_permissions_user_id_a95ead1b_fk_auth_user_id FOREIGN KEY (user_id) REFERENCES public.auth_user(id) DEFERRABLE INITIALLY DEFERRED;


--
-- Name: django_admin_log django_admin_log_content_type_id_c4bce8eb_fk_django_co; Type: FK CONSTRAINT; Schema: public; Owner: postgres
--

ALTER TABLE ONLY public.django_admin_log
    ADD CONSTRAINT django_admin_log_content_type_id_c4bce8eb_fk_django_co FOREIGN KEY (content_type_id) REFERENCES public.django_content_type(id) DEFERRABLE INITIALLY DEFERRED;


--
-- Name: django_admin_log django_admin_log_user_id_c564eba6_fk_auth_user_id; Type: FK CONSTRAINT; Schema: public; Owner: postgres
--

ALTER TABLE ONLY public.django_admin_log
    ADD CONSTRAINT django_admin_log_user_id_c564eba6_fk_auth_user_id FOREIGN KEY (user_id) REFERENCES public.auth_user(id) DEFERRABLE INITIALLY DEFERRED;


--
-- PostgreSQL database dump complete
--

